LocalSKU	ItemName	Vendor	UPC	ProductType
QAR-0001	Queen Anne's Revenge, Frigate, 1718	QARYARD	020171800018	SHIP
QAR-0002	Hull, Deck and Fixed Ship Fittings	SHIPWRIGHT	020171800025	SYSTEM
QAR-0003	Complete Armament Outfit	GUNDECK	020171800032	SYSTEM
QAR-0004	Masts, Rigging and Sail Outfit	SAILLOFT	020171800049	SYSTEM
QAR-0005	Ground Tackle and Mooring Outfit	BOATSWAIN	020171800056	SYSTEM
QAR-0006	Ship's Boats Outfit	BOATSHOP	020171800063	SYSTEM
QAR-0007	Navigation and Signaling Outfit	NAVROOM	020171800070	SYSTEM
QAR-0008	Carpenter and Hull Repair Stores	CARPENTER	020171800087	SYSTEM
QAR-0009	Sailmaker and Rigging Repair Stores	SAILLOFT	020171800094	SYSTEM
QAR-0010	Surgeon's Sea Chest and Sick Bay	SURGEON	020171800100	SYSTEM
QAR-0011	Galley and Mess Outfit	GALLEY	020171800117	SYSTEM
QAR-0012	Thirty-Day Voyage Provisions for 300	QUARTER	020171800124	SYSTEM
QAR-0013	Crew Issue and Berthing Outfit for 300	QUARTER	020171800131	SYSTEM
QAR-0014	Captain and Quartermaster Cabin Outfit	QUARTER	020171800148	SYSTEM
QAR-0015	Fire, Flood and Emergency Outfit	BOATSWAIN	020171800155	SYSTEM
QAR-0016	Reconstruction Label and Inspection Stock	LABELSHOP	020171800162	SYSTEM
QAR-0017	Hull Structure Assembly	SHIPWRIGHT	020171800179	OUTFIT
OFT-0001	Deck Machinery and Fittings Outfit	SHIPWRIGHT	020171800186	OUTFIT
QAR-0018	Rudder and Steering Assembly	SHIPWRIGHT	020171800193	ASSEMBLY
OFT-0002	Bilge, Pump and Drainage Outfit	SHIPWRIGHT	020171800209	OUTFIT
OFT-0003	Ballast Distribution Outfit	SHIPWRIGHT	020171800216	OUTFIT
QAR-0019	Keel and Keelson Assembly	SHIPWRIGHT	020171800223	ASSEMBLY
QAR-0020	Paired Frame Component Set	SHIPWRIGHT	020171800230	ASSEMBLY
QAR-0021	Outer Hull Planking Set	SHIPWRIGHT	020171800247	ASSEMBLY
QAR-0022	Sacrificial Hull Sheathing Set	SHIPWRIGHT	020171800254	ASSEMBLY
KIT-0001	Hull Fastener Lot	SHIPWRIGHT	020171800261	KIT
PRT-0001	Oak Treenail	SHIPWRIGHT	020171800278	PART
PRT-0002	Large Wrought-Iron Hull Spike	SHIPWRIGHT	020171800285	PART
PRT-0003	Iron Drift Pin	SHIPWRIGHT	020171800292	PART
PRT-0004	Hull Sealing Lead Strip	SHIPWRIGHT	020171800308	PART
ASM-0001	Main Capstan Assembly	SHIPWRIGHT	020171800315	ASSEMBLY
ASM-0002	Foredeck Windlass Assembly	SHIPWRIGHT	020171800322	ASSEMBLY
ASM-0003	Removable Hatch Grating	SHIPWRIGHT	020171800339	ASSEMBLY
ASM-0004	Deck Ladder Assembly	SHIPWRIGHT	020171800346	ASSEMBLY
KIT-0002	Rail Hook and Ring Fitting Set	SHIPWRIGHT	020171800353	KIT
PRT-0005	Ship's Bell	SHIPWRIGHT	020171800360	PART
ASM-0005	Seat of Ease	SHIPWRIGHT	020171800377	ASSEMBLY
PRT-0006	Wrought-Iron Utility Hook	SHIPWRIGHT	020171800384	PART
PRT-0007	Wrought-Iron Ring Bolt	SHIPWRIGHT	020171800391	PART
PRT-0008	Capstan Bar	SHIPWRIGHT	020171800407	PART
PRT-0009	Windlass Handspike	SHIPWRIGHT	020171800414	PART
QAR-0023	Rudder Blade and Stock	SHIPWRIGHT	020171800421	ASSEMBLY
QAR-0024	Tiller Assembly	SHIPWRIGHT	020171800438	ASSEMBLY
PRT-0010	Iron Rudder Pintle	SHIPWRIGHT	020171800445	PART
PRT-0011	Iron Rudder Gudgeon	SHIPWRIGHT	020171800452	PART
PRT-0012	Tiller Relieving Rope, 30 ft	ROPEWALK	020171800469	PART
ASM-0006	Hand Bilge Pump Assembly	SHIPWRIGHT	020171800476	ASSEMBLY
PRT-0013	Bilge Strainer	SHIPWRIGHT	020171800483	PART
PRT-0014	Pump Brake Handle	SHIPWRIGHT	020171800490	PART
KIT-0003	Pump Leather Service Set	CARPENTER	020171800506	KIT
ASM-0007	Bilge Bucket with Rope	BOATSWAIN	020171800513	ASSEMBLY
MAT-0001	Sorted Stone Ballast, 100 lb Lot	SHIPWRIGHT	020171800520	CONSUMABLE
PRT-0015	Iron Ballast Pig, 50 lb	SHIPWRIGHT	020171800537	PART
PRT-0016	Ballast Bedding Mat	SAILLOFT	020171800544	PART
OFT-0004	Six-Pounder Main Battery	GUNDECK	020171800551	OUTFIT
OFT-0005	Four-Pounder Upper Battery	GUNDECK	020171800568	OUTFIT
OFT-0006	Swivel-Gun Rail Battery	GUNDECK	020171800575	OUTFIT
OFT-0007	Powder Magazine Outfit	MAGAZINE	020171800582	OUTFIT
OFT-0008	Small Arms and Boarding Outfit	GUNDECK	020171800599	OUTFIT
KIT-0004	Ordnance Spare Parts Chest	GUNDECK	020171800605	KIT
KIT-0005	Complete Six-Pounder Cannon Station	GUNDECK	020171800612	KIT
KIT-0006	Complete Four-Pounder Cannon Station	GUNDECK	020171800629	KIT
KIT-0007	Complete Half-Pounder Swivel-Gun Station	GUNDECK	020171800636	KIT
PRT-0017	Iron Six-Pounder Cannon Barrel	FOUNDRY	020171800643	PART
PRT-0018	Iron Four-Pounder Cannon Barrel	FOUNDRY	020171800650	PART
PRT-0019	Iron Half-Pounder Swivel Gun	FOUNDRY	020171800667	PART
ASM-0008	Six-Pounder Gun Carriage	CARPENTER	020171800674	ASSEMBLY
ASM-0009	Four-Pounder Gun Carriage	CARPENTER	020171800681	ASSEMBLY
ASM-0010	Swivel-Gun Yoke and Pintle Mount	FOUNDRY	020171800698	ASSEMBLY
KIT-0008	Cannon Service Tool Kit	GUNDECK	020171800704	KIT
KIT-0009	Swivel-Gun Service Tool Kit	GUNDECK	020171800711	KIT
KIT-0010	Six-Pounder Breeching and Side-Tackle Set	ROPEWALK	020171800728	KIT
KIT-0011	Four-Pounder Breeching and Side-Tackle Set	ROPEWALK	020171800735	KIT
KIT-0012	Six-Pounder Ready-Shot Allowance	MAGAZINE	020171800742	KIT
KIT-0013	Four-Pounder Ready-Shot Allowance	MAGAZINE	020171800759	KIT
KIT-0014	Swivel-Gun Ready-Shot Allowance	MAGAZINE	020171800766	KIT
LBL-0001	Safety Label - Six-Pounder Station	LABELSHOP	020171800773	LABEL
LBL-0002	Safety Label - Four-Pounder Station	LABELSHOP	020171800780	LABEL
LBL-0003	Safety Label - Swivel-Gun Station	LABELSHOP	020171800797	LABEL
PRT-0020	Six-Pounder Carriage Cheek	CARPENTER	020171800803	PART
PRT-0021	Four-Pounder Carriage Cheek	CARPENTER	020171800810	PART
PRT-0022	Six-Pounder Carriage Bed	CARPENTER	020171800827	PART
PRT-0023	Four-Pounder Carriage Bed	CARPENTER	020171800834	PART
PRT-0024	Six-Pounder Carriage Axle	CARPENTER	020171800841	PART
PRT-0025	Four-Pounder Carriage Axle	CARPENTER	020171800858	PART
PRT-0026	Six-Pounder Carriage Truck Wheel	CARPENTER	020171800865	PART
PRT-0027	Four-Pounder Carriage Truck Wheel	CARPENTER	020171800872	PART
PRT-0028	Gun Carriage Transom	CARPENTER	020171800889	PART
PRT-0029	Gun Carriage Linchpin	FOUNDRY	020171800896	PART
ASM-0011	Gun Carriage Capsquare and Key	FOUNDRY	020171800902	ASSEMBLY
PRT-0030	Gun Elevation Quoin	CARPENTER	020171800919	PART
PRT-0031	Cannon Rammer	GUNDECK	020171800926	PART
PRT-0032	Cannon Sponge	GUNDECK	020171800933	PART
PRT-0033	Cannon Worm	GUNDECK	020171800940	PART
PRT-0034	Powder Ladle	GUNDECK	020171800957	PART
PRT-0035	Slow-Match Linstock	GUNDECK	020171800964	PART
PRT-0036	Gunner's Handspike	GUNDECK	020171800971	PART
KIT-0015	Vent Pick and Priming Wire Set	GUNDECK	020171800988	KIT
PRT-0037	Lead Touch-Hole Apron	GUNDECK	020171800995	PART
PRT-0038	Six-Pounder Wooden Tompion	CARPENTER	020171801008	PART
PRT-0039	Four-Pounder Wooden Tompion	CARPENTER	020171801015	PART
PRT-0040	Gunner's Water Bucket	GUNDECK	020171801022	PART
ASM-0012	Swivel-Gun Rammer and Sponge	GUNDECK	020171801039	ASSEMBLY
PRT-0041	Iron Swivel Yoke	FOUNDRY	020171801046	PART
PRT-0042	Iron Swivel Pintle	FOUNDRY	020171801053	PART
PRT-0043	Six-Pounder Breeching Rope, 24 ft	ROPEWALK	020171801060	PART
PRT-0044	Four-Pounder Breeching Rope, 20 ft	ROPEWALK	020171801077	PART
ASM-0013	Gun Side-Tackle Assembly	ROPEWALK	020171801084	ASSEMBLY
PRT-0045	Five-Inch Single Block	BLOCKSHOP	020171801091	PART
PRT-0046	Five-Inch Double Block	BLOCKSHOP	020171801107	PART
PRT-0047	Gun Tackle Fall, 30 ft	ROPEWALK	020171801114	PART
PRT-0048	Iron Tackle Hook	FOUNDRY	020171801121	PART
PRT-0049	Six-Pound Round Shot	MAGAZINE	020171801138	PART
PRT-0050	Four-Pound Round Shot	MAGAZINE	020171801145	PART
PRT-0051	Half-Pound Swivel-Gun Lead Shot	MAGAZINE	020171801152	PART
PRT-0052	Six-Pounder Bar Shot	MAGAZINE	020171801169	PART
ASM-0014	Langrage Canister	MAGAZINE	020171801176	ASSEMBLY
MAT-0002	Six-Pounder Cannon Wad	MAGAZINE	020171801183	CONSUMABLE
MAT-0003	Four-Pounder Cannon Wad	MAGAZINE	020171801190	CONSUMABLE
ASM-0015	Six-Pounder Ready-Shot Rack	CARPENTER	020171801206	ASSEMBLY
ASM-0016	Four-Pounder Ready-Shot Rack	CARPENTER	020171801213	ASSEMBLY
PKG-0001	Swivel Shot Box	CARPENTER	020171801220	CONTAINER
ASM-0017	Black Powder Keg, Sealed 25 lb	MAGAZINE	020171801237	ASSEMBLY
PKG-0002	Oak Powder Keg, 25 lb Capacity	COOPER	020171801244	CONTAINER
MAT-0004	Black Powder, Bulk Pound	MAGAZINE	020171801251	CONSUMABLE
LBL-0004	Safety Label - Black Powder / No Flame	LABELSHOP	020171801268	LABEL
KIT-0016	Magazine Measuring and Issue Kit	MAGAZINE	020171801275	KIT
ASM-0018	Enclosed Magazine Lantern	TINSHOP	020171801282	ASSEMBLY
PKG-0003	Leather-Lined Powder Passing Box	LEATHER	020171801299	CONTAINER
PRT-0053	Brass Powder Scale	MAGAZINE	020171801305	PART
KIT-0017	Brass Powder Weight Set	MAGAZINE	020171801312	KIT
PRT-0054	Copper Powder Scoop	MAGAZINE	020171801329	PART
PRT-0055	Copper Cartridge Funnel	MAGAZINE	020171801336	PART
MAT-0005	Six-Pounder Powder Cartridge Bag	SAILLOFT	020171801343	CONSUMABLE
MAT-0006	Four-Pounder Powder Cartridge Bag	SAILLOFT	020171801350	CONSUMABLE
KIT-0018	Flintlock Musket Outfit	ARMORER	020171801367	KIT
KIT-0019	Flintlock Pistol Pair Outfit	ARMORER	020171801374	KIT
PRT-0056	Boarding Cutlass	ARMORER	020171801381	PART
PRT-0057	Boarding Axe	ARMORER	020171801398	PART
PRT-0058	Boarding Pike	ARMORER	020171801404	PART
ASM-0019	Cast-Iron Hand Grenade	MAGAZINE	020171801411	ASSEMBLY
PRT-0059	Flintlock Musket	ARMORER	020171801428	PART
PRT-0060	Flintlock Pistol	ARMORER	020171801435	PART
MAT-0007	Gunflint	ARMORER	020171801442	CONSUMABLE
MAT-0008	Musket Ball	MAGAZINE	020171801459	CONSUMABLE
MAT-0009	Pistol Ball	MAGAZINE	020171801466	CONSUMABLE
PKG-0004	Leather Cartridge Box	LEATHER	020171801473	CONTAINER
PRT-0061	Personal Firearm Cleaning Tool	ARMORER	020171801480	PART
PRT-0062	Lead Bullet Mold	ARMORER	020171801497	PART
QAR-0025	Mast and Spar Outfit	SHIPWRIGHT	020171801503	OUTFIT
OFT-0009	Standing Rigging Outfit	ROPEWALK	020171801510	OUTFIT
OFT-0010	Running Rigging Outfit	ROPEWALK	020171801527	OUTFIT
QAR-0026	Complete Sail Inventory	SAILLOFT	020171801534	OUTFIT
OFT-0011	Blocks, Deadeyes and Rigging Hardware	BLOCKSHOP	020171801541	OUTFIT
QAR-0027	Main Mast Assembly	SHIPWRIGHT	020171801558	ASSEMBLY
QAR-0028	Fore Mast Assembly	SHIPWRIGHT	020171801565	ASSEMBLY
QAR-0029	Mizzen Mast Assembly	SHIPWRIGHT	020171801572	ASSEMBLY
QAR-0030	Bowsprit Assembly	SHIPWRIGHT	020171801589	ASSEMBLY
QAR-0031	Main Yard	SHIPWRIGHT	020171801596	PART
QAR-0032	Main Topsail Yard	SHIPWRIGHT	020171801602	PART
QAR-0033	Main Topgallant Yard	SHIPWRIGHT	020171801619	PART
QAR-0034	Fore Yard	SHIPWRIGHT	020171801626	PART
QAR-0035	Fore Topsail Yard	SHIPWRIGHT	020171801633	PART
QAR-0036	Fore Topgallant Yard	SHIPWRIGHT	020171801640	PART
QAR-0037	Mizzen Yard	SHIPWRIGHT	020171801657	PART
QAR-0038	Spritsail Yard	SHIPWRIGHT	020171801664	PART
ASM-0020	Main Shroud Pair	ROPEWALK	020171801671	ASSEMBLY
ASM-0021	Fore Shroud Pair	ROPEWALK	020171801688	ASSEMBLY
ASM-0022	Mizzen Shroud Pair	ROPEWALK	020171801695	ASSEMBLY
PRT-0063	Main Stay	ROPEWALK	020171801701	PART
PRT-0064	Fore Stay	ROPEWALK	020171801718	PART
PRT-0065	Mizzen Stay	ROPEWALK	020171801725	PART
PRT-0066	Running Backstay	ROPEWALK	020171801732	PART
PRT-0067	Ratline Cordage, 200 ft Coil	ROPEWALK	020171801749	PART
PRT-0068	Large Deadeye	BLOCKSHOP	020171801756	PART
PRT-0069	Medium Deadeye	BLOCKSHOP	020171801763	PART
PRT-0070	Deadeye Lanyard, 50 ft	ROPEWALK	020171801770	PART
PRT-0071	Iron Chainplate	FOUNDRY	020171801787	PART
PRT-0072	Large Halyard, 200 ft	ROPEWALK	020171801794	PART
PRT-0073	Medium Halyard, 160 ft	ROPEWALK	020171801800	PART
PRT-0074	Large Sail Sheet, 180 ft	ROPEWALK	020171801817	PART
PRT-0075	Medium Sail Sheet, 140 ft	ROPEWALK	020171801824	PART
PRT-0076	Yard Brace, 150 ft	ROPEWALK	020171801831	PART
PRT-0077	Yard Lift, 120 ft	ROPEWALK	020171801848	PART
PRT-0078	Clewline, 100 ft	ROPEWALK	020171801855	PART
PRT-0079	Buntline, 100 ft	ROPEWALK	020171801862	PART
PRT-0080	Course Tack, 100 ft	ROPEWALK	020171801879	PART
QAR-0039	Main Course Sail	SAILLOFT	020171801886	ASSEMBLY
QAR-0040	Main Topsail	SAILLOFT	020171801893	ASSEMBLY
QAR-0041	Main Topgallant Sail	SAILLOFT	020171801909	ASSEMBLY
QAR-0042	Fore Course Sail	SAILLOFT	020171801916	ASSEMBLY
QAR-0043	Fore Topsail	SAILLOFT	020171801923	ASSEMBLY
QAR-0044	Fore Topgallant Sail	SAILLOFT	020171801930	ASSEMBLY
QAR-0045	Mizzen Sail	SAILLOFT	020171801947	ASSEMBLY
QAR-0046	Mizzen Topsail	SAILLOFT	020171801954	ASSEMBLY
QAR-0047	Spritsail	SAILLOFT	020171801961	ASSEMBLY
QAR-0048	Spritsail Topsail	SAILLOFT	020171801978	ASSEMBLY
QAR-0049	Main Staysail	SAILLOFT	020171801985	ASSEMBLY
QAR-0050	Fore Staysail	SAILLOFT	020171801992	ASSEMBLY
QAR-0051	Jib	SAILLOFT	020171802005	ASSEMBLY
QAR-0052	Flying Jib	SAILLOFT	020171802012	ASSEMBLY
PRT-0081	Small Single Block	BLOCKSHOP	020171802029	PART
PRT-0082	Medium Single Block	BLOCKSHOP	020171802036	PART
PRT-0083	Large Single Block	BLOCKSHOP	020171802043	PART
PRT-0084	Medium Double Block	BLOCKSHOP	020171802050	PART
PRT-0085	Large Triple Block	BLOCKSHOP	020171802067	PART
PRT-0086	Iron Rigging Shackle	FOUNDRY	020171802074	PART
PRT-0087	Rope Thimble	BLOCKSHOP	020171802081	PART
KIT-0020	Bower Anchor Outfit	BOATSWAIN	020171802098	KIT
KIT-0021	Sheet Anchor Outfit	BOATSWAIN	020171802104	KIT
KIT-0022	Stream Anchor Outfit	BOATSWAIN	020171802111	KIT
KIT-0023	Kedge Anchor Outfit	BOATSWAIN	020171802128	KIT
OFT-0012	Mooring Line Outfit	BOATSWAIN	020171802135	OUTFIT
PRT-0088	Bower Anchor	FOUNDRY	020171802142	PART
PRT-0089	Sheet Anchor	FOUNDRY	020171802159	PART
PRT-0090	Stream Anchor	FOUNDRY	020171802166	PART
PRT-0091	Kedge Anchor	FOUNDRY	020171802173	PART
PRT-0092	Bower Cable, 600 ft	ROPEWALK	020171802180	PART
PRT-0093	Sheet Cable, 600 ft	ROPEWALK	020171802197	PART
PRT-0094	Stream Cable, 400 ft	ROPEWALK	020171802203	PART
PRT-0095	Kedge Hawser, 300 ft	ROPEWALK	020171802210	PART
ASM-0023	Anchor Buoy	SAILLOFT	020171802227	ASSEMBLY
PRT-0096	Anchor Buoy Rope, 100 ft	ROPEWALK	020171802234	PART
PRT-0097	Mooring Hawser, 300 ft	ROPEWALK	020171802241	PART
PRT-0098	Heaving Line, 100 ft	ROPEWALK	020171802258	PART
LBL-0005	Safety Label - Team Lift / Heavy Tackle	LABELSHOP	020171802265	LABEL
OFT-0013	Longboat Complete Outfit	BOATSHOP	020171802272	OUTFIT
OFT-0014	Yawl Complete Outfit	BOATSHOP	020171802289	OUTFIT
OFT-0015	Jolly Boat Complete Outfit	BOATSHOP	020171802296	OUTFIT
ASM-0024	Longboat Hull	BOATSHOP	020171802302	ASSEMBLY
ASM-0025	Yawl Hull	BOATSHOP	020171802319	ASSEMBLY
ASM-0026	Jolly Boat Hull	BOATSHOP	020171802326	ASSEMBLY
PRT-0099	Longboat Oar	BOATSHOP	020171802333	PART
PRT-0100	Boat Oar	BOATSHOP	020171802340	PART
ASM-0027	Boat Rudder and Tiller	BOATSHOP	020171802357	ASSEMBLY
ASM-0028	Boat Mast and Yard	BOATSHOP	020171802364	ASSEMBLY
ASM-0029	Boat Lug Sail	SAILLOFT	020171802371	ASSEMBLY
ASM-0030	Boat Grapnel and Line	BOATSWAIN	020171802388	ASSEMBLY
PRT-0101	Boat Painter, 100 ft	ROPEWALK	020171802395	PART
PRT-0102	Wooden Boat Bailer	BOATSHOP	020171802401	PART
PKG-0005	Boat Water Breaker, 10 gal	COOPER	020171802418	CONTAINER
KIT-0024	Boat Emergency Repair Kit	CARPENTER	020171802425	KIT
KIT-0025	Navigator's Instrument Chest	NAVROOM	020171802432	KIT
KIT-0026	Pilotage and Sounding Kit	NAVROOM	020171802449	KIT
OFT-0016	Flags, Lanterns and Signal Outfit	NAVROOM	020171802456	OUTFIT
ASM-0031	Mariner's Compass in Box	NAVROOM	020171802463	ASSEMBLY
PRT-0103	Backstaff	NAVROOM	020171802470	PART
ASM-0032	Cross-Staff and Universal Mount	NAVROOM	020171802487	ASSEMBLY
PRT-0104	Brass Navigational Sector	NAVROOM	020171802494	PART
PRT-0105	Brass Dividers	NAVROOM	020171802500	PART
PRT-0106	Thirty-Minute Sandglass	NAVROOM	020171802517	PART
PRT-0107	Twenty-Eight-Second Log Glass	NAVROOM	020171802524	PART
ASM-0033	Chip Log and Knotted Line	NAVROOM	020171802531	ASSEMBLY
ASM-0034	Traverse Board	NAVROOM	020171802548	ASSEMBLY
PRT-0108	Draw-Tube Spyglass	NAVROOM	020171802555	PART
PKG-0006	Waxed Chart Case	NAVROOM	020171802562	CONTAINER
DOC-0001	Carolina and Caribbean Coastal Chart Set	NAVROOM	020171802579	DOCUMENT
PRT-0109	Sounding Lead	NAVROOM	020171802586	PART
PRT-0110	Sounding Line, 100 fathoms	ROPEWALK	020171802593	PART
PRT-0111	Brass Surveying Sight	NAVROOM	020171802609	PART
KIT-0027	Signal Flag Set	SAILLOFT	020171802616	KIT
QAR-0053	Blackbeard Reconstruction Ensign	SAILLOFT	020171802623	ASSEMBLY
ASM-0035	Enclosed Deck Lantern	TINSHOP	020171802630	ASSEMBLY
ASM-0036	Small Signal Gun	GUNDECK	020171802647	ASSEMBLY
KIT-0028	Carpenter's Tool Chest	CARPENTER	020171802654	KIT
KIT-0029	Caulking and Sealing Chest	CARPENTER	020171802661	KIT
KIT-0030	Emergency Hull Patch Kit	CARPENTER	020171802678	KIT
OFT-0017	Spare Timber and Planking Lot	CARPENTER	020171802685	OUTFIT
PRT-0112	Broad Axe	CARPENTER	020171802692	PART
PRT-0113	Shipwright's Adze	CARPENTER	020171802708	PART
PRT-0114	Pit Saw	CARPENTER	020171802715	PART
PRT-0115	Carpenter's Hand Saw	CARPENTER	020171802722	PART
KIT-0031	Ship Auger Set	CARPENTER	020171802739	KIT
KIT-0032	Chisel and Gouge Set	CARPENTER	020171802746	KIT
PRT-0116	Claw Hammer	CARPENTER	020171802753	PART
PRT-0117	Large Wooden Mallet	CARPENTER	020171802760	PART
PRT-0118	Iron Crowbar	CARPENTER	020171802777	PART
ASM-0037	Mechanical Jack	CARPENTER	020171802784	ASSEMBLY
ASM-0038	Portable Grindstone Assembly	CARPENTER	020171802791	ASSEMBLY
PRT-0119	Caulking Iron	CARPENTER	020171802807	PART
MAT-0010	Oakum Bale, 25 lb	CARPENTER	020171802814	CONSUMABLE
MAT-0011	Pine Pitch Keg, 25 lb	CARPENTER	020171802821	CONSUMABLE
PRT-0120	Emergency Patch Plank	CARPENTER	020171802838	PART
PRT-0121	Heavy Collision Canvas, 12 x 12 ft	SAILLOFT	020171802845	PART
PRT-0122	Spare Oak Spar Blank	CARPENTER	020171802852	PART
PRT-0123	Spare Oak Plank	CARPENTER	020171802869	PART
KIT-0033	Sailmaker's Tool Chest	SAILLOFT	020171802876	KIT
KIT-0034	Rigging Repair Chest	SAILLOFT	020171802883	KIT
OFT-0018	Spare Canvas Stock	SAILLOFT	020171802890	OUTFIT
OFT-0019	Spare Cordage Stock	ROPEWALK	020171802906	OUTFIT
PRT-0124	Large Sail Needle	SAILLOFT	020171802913	PART
PRT-0125	Sailmaker's Palm	SAILLOFT	020171802920	PART
MAT-0012	Waxed Sail Thread Spool	SAILLOFT	020171802937	CONSUMABLE
PRT-0126	Large Rigging Fid	SAILLOFT	020171802944	PART
PRT-0127	Iron Marlinespike	SAILLOFT	020171802951	PART
PRT-0128	Wooden Seam Rubber	SAILLOFT	020171802968	PART
MAT-0013	Sail Canvas Bolt, 40 yd	SAILLOFT	020171802975	CONSUMABLE
MAT-0014	Heavy Canvas Bolt, 30 yd	SAILLOFT	020171802982	CONSUMABLE
MAT-0015	Marline, 200 ft Coil	ROPEWALK	020171802999	CONSUMABLE
MAT-0016	One-Inch Rope, 200 ft Coil	ROPEWALK	020171803002	CONSUMABLE
MAT-0017	Two-Inch Rope, 200 ft Coil	ROPEWALK	020171803019	CONSUMABLE
MAT-0018	Three-Inch Rope, 200 ft Coil	ROPEWALK	020171803026	CONSUMABLE
MAT-0019	Stockholm Tar Keg, 25 lb	ROPEWALK	020171803033	CONSUMABLE
KIT-0035	Surgeon's Instrument Chest	SURGEON	020171803040	KIT
KIT-0036	Medicines and Preparations Chest	SURGEON	020171803057	KIT
KIT-0037	Bandage and Dressing Chest	SURGEON	020171803064	KIT
OFT-0020	Sick-Bay Berthing Outfit	SURGEON	020171803071	OUTFIT
ASM-0039	Mortar and Pestle	SURGEON	020171803088	ASSEMBLY
PRT-0129	Pewter Urethral Syringe	SURGEON	020171803095	PART
PRT-0130	Surgeon's Bone Saw	SURGEON	020171803101	PART
KIT-0038	Lancet Set	SURGEON	020171803118	KIT
PRT-0131	Surgical Forceps	SURGEON	020171803125	PART
KIT-0039	Probe and Director Set	SURGEON	020171803132	KIT
PRT-0132	Wooden Limb Splint	SURGEON	020171803149	PART
MAT-0020	Linen Bandage Roll	SURGEON	020171803156	CONSUMABLE
MAT-0021	Linen Lint Pack	SURGEON	020171803163	CONSUMABLE
PRT-0133	Canvas Tourniquet	SURGEON	020171803170	PART
PKG-0007	Stoppered Medicine Bottle	GLASSWORKS	020171803187	CONTAINER
PKG-0008	Glazed Ointment Jar	POTTERY	020171803194	CONTAINER
MAT-0022	Laudanum Bottle	APOTHECARY	020171803200	CONSUMABLE
MAT-0023	Peruvian Bark Jar	APOTHECARY	020171803217	CONSUMABLE
MAT-0024	Mercury Preparation Jar	APOTHECARY	020171803224	CONSUMABLE
MAT-0025	Medicinal Vinegar Bottle	APOTHECARY	020171803231	CONSUMABLE
ASM-0040	Sick-Bay Hammock	SAILLOFT	020171803248	ASSEMBLY
PRT-0134	Sick-Bay Wool Blanket	TEXTILES	020171803255	PART
LBL-0006	Safety Label - Medical Chest / Controlled Access	LABELSHOP	020171803262	LABEL
ASM-0041	Brick and Iron Galley Hearth	GALLEY	020171803279	ASSEMBLY
OFT-0021	Galley Cookware Outfit	GALLEY	020171803286	OUTFIT
KIT-0040	Six-Person Common Mess Kit	GALLEY	020171803293	KIT
KIT-0041	Six-Person Officer Mess Kit	GALLEY	020171803309	KIT
OFT-0022	Drinking Water Service Outfit	GALLEY	020171803316	OUTFIT
PRT-0135	Large Iron Cauldron	GALLEY	020171803323	PART
PRT-0136	Copper Kettle	GALLEY	020171803330	PART
PRT-0137	Copper Cooking Pot	GALLEY	020171803347	PART
PRT-0138	Iron Frying Pan	GALLEY	020171803354	PART
PRT-0139	Long-Handled Galley Ladle	GALLEY	020171803361	PART
PRT-0140	Cook's Knife	GALLEY	020171803378	PART
PRT-0141	Galley Cleaver	GALLEY	020171803385	PART
PRT-0142	Pewter Plate	PEWTERER	020171803392	PART
PRT-0143	Pewter Bowl	PEWTERER	020171803408	PART
PRT-0144	Pewter Spoon	PEWTERER	020171803415	PART
PRT-0145	Wooden Drinking Mug	COOPER	020171803422	PART
PRT-0146	Common Mess Knife	CUTLER	020171803439	PART
PRT-0147	Large Pewter Charger	PEWTERER	020171803446	PART
PRT-0148	Officer's Wine Glass	GLASSWORKS	020171803453	PART
PRT-0149	Water Cask Dipper	GALLEY	020171803460	PART
PRT-0150	Drinking Water Bucket	GALLEY	020171803477	PART
PKG-0009	Oak Cask, 50 gal Capacity	COOPER	020171803484	CONTAINER
PKG-0010	Oak Provision Barrel, 200 lb Capacity	COOPER	020171803491	CONTAINER
PKG-0011	Oak Cask, 25 gal Capacity	COOPER	020171803507	CONTAINER
PKG-0012	Waxed Provision Sack, 50 lb	SAILLOFT	020171803514	CONTAINER
PKG-0013	Provision Crate, 50 lb	CARPENTER	020171803521	CONTAINER
PKG-0014	Butter Firkin, 25 lb Capacity	COOPER	020171803538	CONTAINER
MAT-0026	Potable Water, Gallon	QUARTER	020171803545	CONSUMABLE
MAT-0027	Caribbean Rum, Gallon	QUARTER	020171803552	CONSUMABLE
MAT-0028	Vinegar, Gallon	QUARTER	020171803569	CONSUMABLE
MAT-0029	Ship's Biscuit, Pound	BAKERY	020171803576	CONSUMABLE
MAT-0030	Salt Beef, Pound	VICTUALER	020171803583	CONSUMABLE
MAT-0031	Salt Pork, Pound	VICTUALER	020171803590	CONSUMABLE
MAT-0032	Dried Fish, Pound	VICTUALER	020171803606	CONSUMABLE
MAT-0033	Dried Peas, Pound	VICTUALER	020171803613	CONSUMABLE
MAT-0034	Oatmeal, Pound	VICTUALER	020171803620	CONSUMABLE
MAT-0035	Hard Cheese, Pound	VICTUALER	020171803637	CONSUMABLE
MAT-0036	Salt Butter, Pound	VICTUALER	020171803644	CONSUMABLE
MAT-0037	Sea Salt, Pound	VICTUALER	020171803651	CONSUMABLE
MAT-0038	Cooking Oil, Gallon	VICTUALER	020171803668	CONSUMABLE
LBL-0007	Provision Label - Potable Water	LABELSHOP	020171803675	LABEL
LBL-0008	Provision Label - Rum / Flammable	LABELSHOP	020171803682	LABEL
LBL-0009	Provision Label - Food Lot	LABELSHOP	020171803699	LABEL
LBL-0010	Provision Label - Vinegar	LABELSHOP	020171803705	LABEL
ASM-0042	Potable Water Cask, 50 gal	QUARTER	020171803712	ASSEMBLY
ASM-0043	Rum Cask, 50 gal	QUARTER	020171803729	ASSEMBLY
ASM-0044	Vinegar Cask, 25 gal	QUARTER	020171803736	ASSEMBLY
ASM-0045	Ship's Biscuit Cask, 100 lb	QUARTER	020171803743	ASSEMBLY
ASM-0046	Salt Beef Barrel, 200 lb	QUARTER	020171803750	ASSEMBLY
ASM-0047	Salt Pork Barrel, 200 lb	QUARTER	020171803767	ASSEMBLY
ASM-0048	Dried Fish Barrel, 100 lb	QUARTER	020171803774	ASSEMBLY
ASM-0049	Dried Peas Sack, 50 lb	QUARTER	020171803781	ASSEMBLY
ASM-0050	Oatmeal Sack, 50 lb	QUARTER	020171803798	ASSEMBLY
ASM-0051	Hard Cheese Crate, 50 lb	QUARTER	020171803804	ASSEMBLY
ASM-0052	Salt Butter Firkin, 25 lb	QUARTER	020171803811	ASSEMBLY
ASM-0053	Sea Salt Sack, 50 lb	QUARTER	020171803828	ASSEMBLY
ASM-0054	Cooking Oil Cask, 25 gal	QUARTER	020171803835	ASSEMBLY
KIT-0042	Individual Crew Issue Pack	QUARTER	020171803842	KIT
OFT-0023	Spare Berthing Stores	QUARTER	020171803859	OUTFIT
ASM-0055	Canvas Sailor's Hammock	SAILLOFT	020171803866	ASSEMBLY
PRT-0151	Wool Sea Blanket	TEXTILES	020171803873	PART
PKG-0015	Canvas Sea Bag	SAILLOFT	020171803880	CONTAINER
PRT-0152	Pewter Drinking Cup	PEWTERER	020171803897	PART
PRT-0153	Sailor's Utility Knife	CUTLER	020171803903	PART
KIT-0043	Basic Clothing Bundle	TEXTILES	020171803910	KIT
KIT-0044	Hammock Clew and Lashing Set	ROPEWALK	020171803927	KIT
LBL-0011	Identity Label - Crew Issue Pack	LABELSHOP	020171803934	LABEL
QAR-0054	Captain's Cabin Furniture and Service	QUARTER	020171803941	OUTFIT
KIT-0045	Ship's Record and Writing Chest	QUARTER	020171803958	KIT
ASM-0056	Locking Strong Chest	CARPENTER	020171803965	ASSEMBLY
ASM-0057	Folding Cabin Table	CARPENTER	020171803972	ASSEMBLY
ASM-0058	Cabin Chair	CARPENTER	020171803989	ASSEMBLY
ASM-0059	Captain's Berth and Bedding	TEXTILES	020171803996	ASSEMBLY
ASM-0060	Portable Writing Desk	CARPENTER	020171804009	ASSEMBLY
PKG-0016	Ink Horn	QUARTER	020171804016	CONTAINER
MAT-0039	Writing Quill	QUARTER	020171804023	CONSUMABLE
DOC-0002	Quartermaster's Stores Ledger	QUARTER	020171804030	DOCUMENT
DOC-0003	Crew Muster and Watch Book	QUARTER	020171804047	DOCUMENT
MAT-0040	Sealing Wax Stick	QUARTER	020171804054	CONSUMABLE
KIT-0046	Brass Trade Weight Set	QUARTER	020171804061	KIT
ASM-0061	Portable Beam Scale	QUARTER	020171804078	ASSEMBLY
OFT-0024	Fire Response Outfit	BOATSWAIN	020171804085	OUTFIT
OFT-0025	Flood and Collision Response Outfit	BOATSWAIN	020171804092	OUTFIT
OFT-0026	Abandon-Ship Emergency Stores	BOATSWAIN	020171804108	OUTFIT
PRT-0154	Leather Fire Bucket	LEATHER	020171804115	PART
ASM-0062	Fire Sand Tub, Filled	CARPENTER	020171804122	ASSEMBLY
PRT-0155	Fire Axe	CARPENTER	020171804139	PART
PRT-0156	Heavy Wool Fire Blanket	TEXTILES	020171804146	PART
KIT-0047	Tapered Hull Plug Kit	CARPENTER	020171804153	KIT
ASM-0063	Collision Mat and Rigging	SAILLOFT	020171804160	ASSEMBLY
KIT-0048	Emergency Provision Chest	QUARTER	020171804177	KIT
PKG-0017	Emergency Water Breaker, 20 gal	COOPER	020171804184	CONTAINER
LBL-0012	Safety Label - Fire Station	LABELSHOP	020171804191	LABEL
LBL-0013	Safety Label - Flood Response Kit	LABELSHOP	020171804207	LABEL
LBL-0014	General Kit Identification Label	LABELSHOP	020171804214	LABEL
LBL-0015	Inspection Status Label	LABELSHOP	020171804221	LABEL
LBL-0016	Stowage Location Label	LABELSHOP	020171804238	LABEL
LBL-0017	Safety Label - Keep Dry	LABELSHOP	020171804245	LABEL
LBL-0018	Safety Label - Incomplete / Do Not Issue	LABELSHOP	020171804252	LABEL
LBL-0019	Readiness Label - Packed and Approved	LABELSHOP	020171804269	LABEL
MAT-0041	Blank Label Stock Sheet	LABELSHOP	020171804276	CONSUMABLE
MAT-0042	Tamper-Evident Reconstruction Seal	LABELSHOP	020171804283	CONSUMABLE
