LocalSKU	BatteryWarning	FCC	CriticalNote
3280740	BATTERY		
3330153	BATTERY		
3330333	BATTERY		
3330412	BATTERY		
27014069200	BATTERY		
27014169200	BATTERY		
79114086000	BATTERY		
79114086100	BATTERY		
81314068000	BATTERY		
81314069300	BATTERY		
040-BATT3.7	BATTERY		
060-BUNDLE	BATTERY		
060-DAP	BATTERY		
2000-R2	COIN		
2000-R2P	COIN		
202-100	COIN		
202-101	COIN		
202-1050	COIN		
202-111	COIN		
202-112	COIN		
202-118	COIN		
202-119	COIN		
202-121	COIN		
202-200	COIN		
202-2010	COIN		
202-2018	COIN		
202-2019	COIN		
202-2020	COIN		
202-2030	COIN		
202-2035	COIN		
202-2040	COIN		
202-2055	COIN		
202-300	COIN		
202-400	COIN		
202-401	COIN		
202-4010	COIN		
202-4011	COIN		
202-4025	COIN		
202-500	COIN		
202-502	COIN		
202-503	COIN		
202-600	COIN		
202-603	COIN		
202-700	COIN		
202-702	COIN		
202-704	COIN		
202-800	COIN		
202-900	COIN		
202-901	COIN		
3330333-1	COIN		
7000-BATTERY1	COIN		
7003-R2P	COIN		
7003-R2PS	COIN		
7100-R	COIN		
7100-R2	COIN		
7113-R2P	COIN		
7113-R2PS	COIN		
7113-RP	COIN		
71-2010-S28	COIN		
712-101	COIN		
712-102	COIN		
712-1050	COIN		
712-106	COIN		
712-107	COIN		
712-109	COIN		
712-110	COIN		
712-111	COIN		
712-112	COIN		
712-113	COIN		
712-114	COIN		
712-115	COIN		
712-116	COIN		
712-117	COIN		
712-118	COIN		
712-119	COIN		
712-120	COIN		
712-121	COIN		
712-200	COIN		
712-2010	COIN		
712-2011	COIN		
712-2012	COIN		
712-2013	COIN		
712-2014	COIN		
712-2017	COIN		
712-2018	COIN		
712-2019	COIN		
712-2020	COIN		
712-2030	COIN		
712-2035	COIN		
712-2036	COIN		
712-2040	COIN		
712-2045	COIN		
712-2050	COIN		
712-2055	COIN		
712-300	COIN		
712-301	COIN		
712-302	COIN		
712-303	COIN		
712-400	COIN		
712-401	COIN		
712-4010	COIN		
712-4011	COIN		
712-4013	COIN		
712-4014	COIN		
712-4015	COIN		
712-4016	COIN		
712-4017	COIN		
712-402	COIN		
712-4020	COIN		
712-4025	COIN		
712-4026	COIN		
712-403	COIN		
712-405	COIN		
712-406	COIN		
712-502	COIN		
712-503	COIN		
712-600	COIN		
712-601	COIN		
712-602	COIN		
712-603	COIN		
712-700	COIN		
712-702	COIN		
712-703	COIN		
712-704	COIN		
712-705	COIN		
712-800	COIN		
712-900	COIN		
712-901	COIN		
712-902	COIN		
722P-C02-S35	COIN		
722P-R02-S29	COIN		
722-R02-S29	COIN		Do not apply label to clamshell packaging.<br>Barcode is already printed on inner box.
723P-R01-S27	COIN		
723P-R02-S27	COIN		
723-R00	COIN		
723-R00-S27	COIN		
723-R01-S27	COIN		
723-R02-S27	COIN		Do not apply label to clamshell packaging.<br>Barcode is already printed on inner box.
725P-R01-S40	COIN		
725P-R02-S40	COIN		
725-R00-S40	COIN		
725-R01-S40	COIN		
725-R02-S40	COIN		Do not apply label to clamshell packaging.<br>Barcode is already printed on inner box.
731P-A10	COIN		
731P-S01	COIN		
731P-V00	COIN		
731-V00	COIN		
7322C-FN1	COIN		
7322C-FN3	COIN		
7322C-FN8	COIN		
7323C-FN1	COIN		
7323C-FN3	COIN		
7323C-FN8	COIN		
732-A00	COIN		
732-A10-S26	COIN		
732-EF4	COIN		
732-EF6	COIN		
732-EF8	COIN		
732-EH1	COIN		
732-EH2	COIN		
732-EH3	COIN		
732-EH4	COIN		
732-ES1	COIN		
732-ES2	COIN		
732-ES3	COIN		
732-ET1	COIN		
732-ET2	COIN		
732-ET3	COIN		
732F-FN17-S27	COIN		
732F-FN18-S27	COIN		
732F-FN5-S27	COIN		
732-FN1	COIN		
732-FN10	COIN		
732-FN11	COIN		
732-FN12-S22	COIN		
732-FN13	COIN		
732-FN14	COIN		
732-FN15	COIN		
732-FN17	COIN		
732-FN18	COIN		
732-FN3	COIN		
732-FN4	COIN		
732-FN6	COIN		
732-FN8	COIN		
732-FN9	COIN		
732-FNA1	COIN		
732P-A00	COIN		
732P-A10-S45	COIN		
732P-E00	COIN		
732P-S00	COIN		
732P-S01	COIN		
732P-S03	COIN		
732P-S04-S46	COIN		
732P-SV1	COIN		
732P-TS1	COIN		
732P-TS2	COIN		
732P-V00	COIN		
732P-VAR	COIN		
732P-VAR-BL	COIN		
732-S00	COIN		
732-S02	COIN		
732-V00	COIN		
732-V00-BL	COIN		
732-V00-S39	COIN		
732-VAR-BL	COIN		
732-VAR-S26	COIN		
733F-FN1-S27	COIN		
733F-FN3-S27	COIN		
733P-S01-S27	COIN		
735F-FN3-S40	COIN		
735P-S01-S40	COIN		
735P-S04	COIN		
741-A00-S27	COIN		
741P-A00	COIN		
741P-A00-S27	COIN		
742-A00	COIN		
742-EF4	COIN		
742-EF6	COIN		
742-EF8	COIN		
742-EH1	COIN		
742-EH2	COIN		
742-EH3	COIN		
742-EH4	COIN		
742-ER	COIN		
742-ES1	COIN		
742-ES2	COIN		
742-ES3	COIN		
742-ET1	COIN		
742-ET2	COIN		
742-ET3	COIN		
742-ET3-BULK	COIN		
742-EZ1	COIN		
742P-A00	COIN		
742P-A00-S44	COIN		
742P-AR1-S11	COIN		
742P-E00	COIN		
742P-ET3-THQ	COIN		
742P-R00-S42	COIN		
742P-R01-S42	COIN		
742P-V00-BL	COIN		
742P-VH1	COIN		
742-V00-BL	COIN		
742-VH1	COIN		
742-VH2	COIN		
743-A00	COIN		
743-EF4	COIN		
743-EF6	COIN		
743-EF8	COIN		
743-EH1	COIN		
743-EH2	COIN		
743-EH3	COIN		
743-EH4	COIN		
743-ES1	COIN		
743-ES2	COIN		
743-ES3	COIN		
743-ET1	COIN		
743-ET2	COIN		
743-ET3	COIN		
743P-A00	COIN		
743P-E00	COIN		
743P-V00-BL	COIN		
743-V00-BL	COIN		
744-A00	COIN		
744-EF4	COIN		
744-EF6	COIN		
744-EF8	COIN		
744-EH1	COIN		
744-EH2	COIN		
744-EH3	COIN		
744-EH4	COIN		
744-ES1	COIN		
744-ES2	COIN		
744-ES3	COIN		
744-ET1	COIN		
744-ET2	COIN		
744-ET3	COIN		
744P-A00	COIN		
744P-E00	COIN		
744P-V00-BL	COIN		
744-V00-BL	COIN		
7500-R2	COIN		
752-100	COIN		
752-101	COIN		
752-102	COIN		
752-103	COIN		
752-104	COIN		
752-1050	COIN		
752-106	COIN		
752-107	COIN		
752-109	COIN		
752-110	COIN		
752-111	COIN		
752-112	COIN		
752-113	COIN		
752-114	COIN		
752-115	COIN		
752-116	COIN		
752-117	COIN		
752-118	COIN		
752-119	COIN		
752-120	COIN		
752-121	COIN		
752-200	COIN		
752-201	COIN		
752-2010	COIN		
752-2011	COIN		
752-2012	COIN		
752-2013	COIN		
752-2014	COIN		
752-2017	COIN		
752-2018	COIN		
752-2019	COIN		
752-2020	COIN		
752-2030	COIN		
752-2035	COIN		
752-2036	COIN		
752-2040	COIN		
752-2045	COIN		
752-2050	COIN		
752-2055	COIN		
752-300	COIN		
752-301	COIN		
752-302	COIN		
752-303	COIN		
752-400	COIN		
752-401	COIN		
752-4010	COIN		
752-4011	COIN		
752-4014	COIN		
752-4015	COIN		
752-4016	COIN		
752-4017	COIN		
752-402	COIN		
752-4020	COIN		
752-4025	COIN		
752-4026	COIN		
752-403	COIN		
752-405	COIN		
752-406	COIN		
752-500	COIN		
752-502	COIN		
752-503	COIN		
752-600	COIN		
752-601	COIN		
752-602	COIN		
752-603	COIN		
752-700	COIN		
752-702	COIN		
752-703	COIN		
752-704	COIN		
752-705	COIN		
752-800	COIN		
752-900	COIN		
752-901	COIN		
752-902	COIN		
79114086000-1	BATTERY		
8104-9750-1	BATTERY		
8104-9750B	BATTERY		
8104-9750B-1	BATTERY		
8104-J750	BATTERY		
8104-J750-1	BATTERY		
8104-J753	BATTERY		
8104-J753-1	BATTERY		
8104-JC50	BATTERY		
810E-9753	BATTERY		
810E-9753-1	BATTERY		
810F-GC51	BATTERY		
810F-GC51-1	BATTERY		
810F-GC52	BATTERY		
810F-GC52-1	BATTERY		
810F-KC51	BATTERY		
810F-KC51-1	BATTERY		
810F-KC52	BATTERY		
810F-KC52-1	BATTERY		
8205-D141	BATTERY		
9000-B800	BATTERY		
9100-R2	BATTERY		
9100-R2P	BATTERY		
9100-R2P-SNOW	BATTERY		
912-101	BATTERY		
912-102	BATTERY		
912-103	BATTERY		
912-104	BATTERY		
912-106	BATTERY		
912-107	BATTERY		
912-109	BATTERY		
912-110	BATTERY		
912-111	BATTERY		
912-112	BATTERY		
912-113	BATTERY		
912-114	BATTERY		
912-115	BATTERY		
912-116	BATTERY		
912-117	BATTERY		
912-118	BATTERY		
912-119	BATTERY		
912-120	BATTERY		
912-121	BATTERY		
912-122	BATTERY		
912-200	BATTERY		
912-201	BATTERY		
912-2010	BATTERY		
912-2011	BATTERY		
912-2012	BATTERY		
912-2013	BATTERY		
912-2016	BATTERY		
912-2017	BATTERY		
912-2018	BATTERY		
912-2019	BATTERY		
912-2030	BATTERY		
912-2035	BATTERY		
912-2036	BATTERY		
912-2040	BATTERY		
912-2045	BATTERY		
912-2050	BATTERY		
912-2055	BATTERY		
912-300	BATTERY		
912-301	BATTERY		
912-302	BATTERY		
912-303	BATTERY		
912-400	BATTERY		
912-401	BATTERY		
912-4010	BATTERY		
912-4011	BATTERY		
912-4013	BATTERY		
912-4015	BATTERY		
912-4016	BATTERY		
912-4017	BATTERY		
912-402	BATTERY		
912-4020	BATTERY		
912-4025	BATTERY		
912-4026	BATTERY		
912-403	BATTERY		
912-405	BATTERY		
912-406	BATTERY		
912-500	BATTERY		
912-5000	BATTERY		
912-502	BATTERY		
912-503	BATTERY		
912-600	BATTERY		
912-601	BATTERY		
912-602	BATTERY		
912-700	BATTERY		
912-702	BATTERY		
912-703	BATTERY		
912-704	BATTERY		
912-705	BATTERY		
912-800	BATTERY		
912-900	BATTERY		
912-901	BATTERY		
912-902	BATTERY		
9200-R2	BATTERY		
9200-R2P	BATTERY		
9200-R2P-CT	BATTERY		
922-109	BATTERY		
922-110	BATTERY		
922-111	BATTERY		
922-112	BATTERY		
922-113	BATTERY		
922-114	BATTERY		
922-115	BATTERY		
922-116	BATTERY		
922-117	BATTERY		
922-118	BATTERY		
922-119	BATTERY		
922-120	BATTERY		
922-121	BATTERY		
922-122	BATTERY		
922-123	BATTERY		
922-124	BATTERY		
922-125	BATTERY		
922-126	BATTERY		
922-127	BATTERY		
922-128	BATTERY		
922-129	BATTERY		
922-130	BATTERY		
922-131	BATTERY		
922-132	BATTERY		
922-133	BATTERY		
922-CT1	BATTERY		
GCA-J0D18-00	BATTERY		
J0G-H3500-V0	BATTERY		
OE-20-GGA	COIN		
OE-20-GGD	COIN		
OE-71-CC	COIN		
OE-71-LTR	COIN		
OE-71-SCG	COIN		
OE-71-SGM	COIN		
OE-71-TV2	COIN		
OE-71-VDG	COIN		
OE-75-SCG	COIN		
925-SNOW		FCC	
925-MOTO		FCC	
925-UTV		FCC	
9205-R		FCC	
027-PR2			
027-IDB			
9205-SHIELD			
9000-1014			
062-BBK			
063-JMP			
062-BAG			
072-NUM			
076-NUM			
072-TAIL			
076-TAIL			
